{
    "Name": "./Data/OptimisationResults.json",
    "Date": "2015-10-26T07:17:02.218Z",
    "Seeds": [],
    "OptimisedParameters": {
        "HCV.PTransmission.IDU": [
            0.6258842086620129,
            0.5090844699767811
        ],
        "IDU.BecomeRegularInjector.P": [
            0.8643400338267414,
            0.5539286717279726
        ],
        "IDU.Entry.B": [
            0.5269665906815928,
            0.47426818210816213
        ],
        "IDU.Entry.Logk1": [
            0.9489553267424451,
            0.13164406759716651
        ],
        "IDU.Entry.Logk2": [
            0.4726584561893823,
            0.09199569886540354
        ],
        "IDU.Entry.PeakEntryPerYear": [
            9513.804078384741,
            47726.01491443041
        ],
        "IDU.Entry.YearPeakIDU": [
            1999.283846801107,
            2000.0171879592506
        ],
        "IDU.NSP.P": [
            0.4921586138947734,
            0.5808262330917348
        ],
        "IDU.RateOfCeasingIrregularUse": [
            0.2539967546866412,
            0.5894590716848921
        ],
        "IDU.RateOfCessation": [
            0.8765845183148478,
            0.2756619685672143
        ]
    },
    "Parameters": {
        "HCV.F0F1": [
            0.09120133340582232,
            0.07175107854393556
        ],
        "HCV.F1F2": [
            0.09424439456384248,
            0.07215038083578253
        ],
        "HCV.F2F3": [
            0.09386899954883896,
            0.1683622124999917
        ],
        "HCV.F3F4": [
            0.07778460975344362,
            0.06291929805536364
        ],
        "HCV.F4.PAt20Years.AlcoholGT50g": [
            0.07781300257880977,
            0.07897982984561254
        ],
        "HCV.F4.PAt20Years.AlcoholLT50g": [
            0.24582288524896687,
            0.2009440922352731
        ],
        "HCV.F4DeathP": [
            0.02829357934170463,
            0.030942870233423524
        ],
        "HCV.F4HCCP": [
            0.025550586360562233,
            0.03545055437071248
        ],
        "HCV.F4LF": [
            0.018533768599279184,
            0.019244150858837242
        ],
        "HCV.FibrosisReversalRate": [
            0.5901663424996745,
            0.5972812839728472
        ],
        "HCV.GenotypePrevalence.1": [
            0.5158882894232707,
            0.5811981204387776
        ],
        "HCV.GenotypePrevalence.2": [
            0.064398325722562,
            0.07492966714743897
        ],
        "HCV.GenotypePrevalence.3": [
            0.3335798420116374,
            0.3309751594627744
        ],
        "HCV.GenotypePrevalence.4": [
            0.027836334276000695,
            0.024590575460928736
        ],
        "HCV.GenotypePrevalence.5": [
            0,
            0
        ],
        "HCV.GenotypePrevalence.6": [
            0,
            0
        ],
        "HCV.InitialPrevalence": [
            0.6538347961853851,
            0.5083172624554138
        ],
        "HCV.PReinfectionProtected": [
            0.8015769461454232,
            0.4874220484375128
        ],
        "HCV.PTransmission.IDU": [
            0.6258842086620129,
            0.5090844699767811
        ],
        "HCV.PTransmission.MotherToChild": [
            0.04815538550748762,
            0.10558976626013555
        ],
        "HCV.SpontaneousClearance.CCGenotypeHR": [
            2.0202797909282397,
            2.0260841748149425
        ],
        "HCV.SpontaneousClearance.FemaleHR": [
            2.7546178877829015,
            2.2887765670991533
        ],
        "HCV.SpontaneousClearance.Genotype1": [
            1.56941965478019,
            1.4897885904743604
        ],
        "HCV.SpontaneousClearance.MedianTime": [
            0.44473735830795896,
            0.38733298050123255
        ],
        "HCV.SpontaneousClearance.p": [
            0.3857781538498682,
            0.3701188738382972
        ],
        "Haemophilia.HCV.Prevalence1973": [
            0.45038964638280155,
            0.45228310780175884
        ],
        "Haemophilia.HCV.Prevalence1980": [
            0.7528533279811482,
            0.7571409543526794
        ],
        "Haemophilia.HCV.Prevalence1990": [
            0.7621675993682563,
            0.7432978777340653
        ],
        "Haemophilia.MortalityFactor": [
            2.3001058053156345,
            2.843609337031554
        ],
        "Haemophilia.Total2013": [
            3001.4465781835,
            2884.997103836432
        ],
        "IDU.AIHWDataFactor": [
            1.0681027777027339,
            1.0121236159466207
        ],
        "IDU.AIHWDataUncertaintySD": [
            1700,
            1700
        ],
        "IDU.BecomeRegularInjector.P": [
            0.8643400338267414,
            0.5539286717279726
        ],
        "IDU.BecomeRegularInjector.PTime.LT10Years": [
            0.027434196790929934,
            0.01586202846121066
        ],
        "IDU.BecomeRegularInjector.PTime.LT1Week": [
            0.43600375332344843,
            0.4679783054024164
        ],
        "IDU.BecomeRegularInjector.PTime.LT1Year": [
            0.06791227822965704,
            0.06361167286890812
        ],
        "IDU.BecomeRegularInjector.PTime.LT5Years": [
            0.09755788833512681,
            0.10964531474012813
        ],
        "IDU.BecomeRegularInjector.PTime.LT6Months": [
            0.3299342238130347,
            0.35270945683392424
        ],
        "IDU.Entry.B": [
            0.5269665906815928,
            0.47426818210816213
        ],
        "IDU.Entry.Logk1": [
            0.9489553267424451,
            0.13164406759716651
        ],
        "IDU.Entry.Logk2": [
            0.4726584561893823,
            0.09199569886540354
        ],
        "IDU.Entry.PeakEntryPerYear": [
            9513.804078384741,
            47726.01491443041
        ],
        "IDU.Entry.YearPeakIDU": [
            1999.283846801107,
            2000.0171879592506
        ],
        "IDU.ExcessMortality.Female": [
            0.0011404185417361338,
            0.003277316292054445
        ],
        "IDU.ExcessMortality.Male": [
            0.01731097254900898,
            0.007843816601029374
        ],
        "IDU.InjectionStartAge.Median": [
            21.19362517137676,
            21.154813118883485
        ],
        "IDU.InjectionStartAge.SD": [
            0.16418526823144586,
            0.1608034847434462
        ],
        "IDU.InjectionStartAge.SexDifference": [
            2.310809199138209,
            2.328092288348941
        ],
        "IDU.MSMUse.HIVNeg": [
            0.029591348905782307,
            0.033932910994891034
        ],
        "IDU.MSMUse.HIVPos": [
            0.1762697819305521,
            0.155815345993161
        ],
        "IDU.NSP.P": [
            0.4921586138947734,
            0.5808262330917348
        ],
        "IDU.ProportionMale": [
            0.6976219137408907,
            0.6559175395107129
        ],
        "IDU.RateOfCeasingIrregularUse": [
            0.2539967546866412,
            0.5894590716848921
        ],
        "IDU.RateOfCessation": [
            0.8765845183148478,
            0.2756619685672143
        ],
        "IDU.RelationshipDuration.Val0": [
            0.3868725277239699,
            0.2874087881370586
        ],
        "IDU.RelationshipDuration.Val1": [
            0.26815543146904075,
            0.37907948583939743
        ],
        "IDU.RelationshipDuration.Val2": [
            0.48010781057920593,
            0.4406043409014723
        ],
        "IDU.Sex.AnyLastMonth": [
            0.631024334132399,
            0.6686842583338729
        ],
        "IDU.Sex.FirstInjectionHadSexualPartner": [
            0,
            0
        ],
        "IDU.Sex.OtherLastMonth": [
            0.22997020539464752,
            0.24189219249028737
        ],