{
    "Name": "./Data/OptimisationResults.json",
    "Date": "2015-10-26T20:04:28.156Z",
    "Seeds": [],
    "OptimisedParameters": {
        "HCV.PTransmission.IDU": [
            0.7083093534507183
        ],
        "HCV.SyptomaticTesting": [
            0.6874773387354789
        ],
        "IDU.BecomeRegularInjector.P": [
            0.6290690523452072
        ],
        "IDU.Entry.B": [
            0.013554807537909136
        ],
        "IDU.Entry.Logk1": [
            0.9086983365929313
        ],
        "IDU.Entry.Logk2": [
            0.4654979872781635
        ],
        "IDU.Entry.PeakEntryPerYear": [
            50631.21250357582
        ],
        "IDU.Entry.YearPeakIDU": [
            1997.5833280057077
        ],
        "IDU.NSP.P": [
            0.7633334458124218
        ],
        "IDU.RateOfCeasingIrregularUse": [
            0.43911635586703557
        ],
        "IDU.RateOfCessation": [
            0.07250578884883037
        ]
    },
    "Parameters": {
        "HCV.F0F1": [
            0.06100486924074079
        ],
        "HCV.F1F2": [
            0.08585138280436089
        ],
        "HCV.F2F3": [
            0.11092761871481553
        ],
        "HCV.F3F4": [
            0.0768755332957902
        ],
        "HCV.F4.PAt20Years.AlcoholGT50g": [
            0.07781817798863723
        ],
        "HCV.F4.PAt20Years.AlcoholLT50g": [
            0.2802215968817122
        ],
        "HCV.F4DeathP": [
            0.03190639476504733
        ],
        "HCV.F4HCCP": [
            0.03293690616937684
        ],
        "HCV.F4LF": [
            0.0213291235706997
        ],
        "HCV.FibrosisReversalRate": [
            0.5789416829456514
        ],
        "HCV.GenotypePrevalence.1": [
            0.47501214780209033
        ],
        "HCV.GenotypePrevalence.2": [
            0.07938648915945046
        ],
        "HCV.GenotypePrevalence.3": [
            0.31209076154980914
        ],
        "HCV.GenotypePrevalence.4": [
            0.027027797022237173
        ],
        "HCV.GenotypePrevalence.5": [
            0
        ],
        "HCV.GenotypePrevalence.6": [
            0
        ],
        "HCV.InitialPrevalence": [
            0.6293201372482358
        ],
        "HCV.PReinfectionProtected": [
            0.5382741349067441
        ],
        "HCV.PTransmission.IDU": [
            0.7083093534507183
        ],
        "HCV.PTransmission.MotherToChild": [
            0.06416556193133213
        ],
        "HCV.SpontaneousClearance.CCGenotypeHR": [
            1.8025154697754395
        ],
        "HCV.SpontaneousClearance.FemaleHR": [
            2.8326585415728265
        ],
        "HCV.SpontaneousClearance.Genotype1": [
            1.4846318250750166
        ],
        "HCV.SpontaneousClearance.MedianTime": [
            0.41605362385937417
        ],
        "HCV.SpontaneousClearance.p": [
            0.3370190688402742
        ],
        "HCV.SyptomaticTesting": [
            0.6874773387354789
        ],
        "Haemophilia.HCV.Prevalence1973": [
            0.4360485937502745
        ],
        "Haemophilia.HCV.Prevalence1980": [
            0.7265970427232376
        ],
        "Haemophilia.HCV.Prevalence1990": [
            0.7531389407404592
        ],
        "Haemophilia.MortalityFactor": [
            2.403996983810987
        ],
        "Haemophilia.Total2013": [
            2882.569435904599
        ],
        "IDU.AIHWDataFactor": [
            1.5051355042960495
        ],
        "IDU.AIHWDataUncertaintySD": [
            1700
        ],
        "IDU.BecomeRegularInjector.P": [
            0.6290690523452072
        ],
        "IDU.BecomeRegularInjector.PTime.LT10Years": [
            0.008249025769310393
        ],
        "IDU.BecomeRegularInjector.PTime.LT1Week": [
            0.4257056089779736
        ],
        "IDU.BecomeRegularInjector.PTime.LT1Year": [
            0.08482004777456172
        ],
        "IDU.BecomeRegularInjector.PTime.LT5Years": [
            0.10570646849133612
        ],
        "IDU.BecomeRegularInjector.PTime.LT6Months": [
            0.35565966218555434
        ],
        "IDU.Entry.B": [
            0.013554807537909136
        ],
        "IDU.Entry.Logk1": [
            0.9086983365929313
        ],
        "IDU.Entry.Logk2": [
            0.4654979872781635
        ],
        "IDU.Entry.PeakEntryPerYear": [
            50631.21250357582
        ],
        "IDU.Entry.YearPeakIDU": [
            1997.5833280057077
        ],
        "IDU.ExcessMortality.Female": [
            0.003896631803214966
        ],
        "IDU.ExcessMortality.Male": [
            0.014082536948757288
        ],
        "IDU.InjectionStartAge.Median": [
            20.519488404907467
        ],
        "IDU.InjectionStartAge.SD": [
            0.16253927538699936
        ],
        "IDU.InjectionStartAge.SexDifference": [
            2.483014042313247
        ],
        "IDU.MSMUse.HIVNeg": [
            0.03029006654108245
        ],
        "IDU.MSMUse.HIVPos": [
            0.1638146897510778
        ],
        "IDU.NSP.P": [
            0.7633334458124218
        ],
        "IDU.ProportionMale": [
            0.6428755760638994
        ],
        "IDU.RateOfCeasingIrregularUse": [
            0.43911635586703557
        ],
        "IDU.RateOfCessation": [
            0.07250578884883037
        ],
        "IDU.RelationshipDuration.Val0": [
            0.3408682770599918
        ],
        "IDU.RelationshipDuration.Val1": [
            0.3664572673279398
        ],
        "IDU.RelationshipDuration.Val2": [
            0.39668230169643026
        ],
        "IDU.Sex.AnyLastMonth": [
            0.5470756502596626
        ],
        "IDU.Sex.FirstInjectionHadSexualPartner": [
            0
        ],
        "IDU.Sex.OtherLastMonth": [
            0.19204566529315584
        ],
        "IDU.Sex.RegularAndOtherLastMonth": [
            0.05858764150004544
        ],
        "IDU.Sex.RegularLastMonth": [
            0.7525862654165658
        ],
        "IDU.Sex.RegularPartnerInjects": [
            0.44904757361662856
        ],
        "IDU.Sexuality.Bisexual": [
            0.10740141943200238
        ],
        "IDU.Sexuality.Heterosexual": [
            0.8391890463979155
        ],
        "IDU.Sexuality.Homosexual": [
            0.0576392141780342
        ],
        "IDU.Sharing.PriorToNSP": [
            0.7355061822875879
        ],
        "IDU.Sharing.Rate18": [
            0
        ],
        "IDU.Sharing.RatePost1997": [
            0.13948490654039158
        ],
        "IDU.Sharing.RatePre1997": [
            0.33654970879833346
        ],
        "IDU.Sharing.RelativeRiskAge18to40": [
            0.5666592136587499
        ],
        "IDU.Use.Daily": [
            0.1427453077104907
        ],
        "IDU.Use.Daily2or3Times": [
            0.19236926506574523
        ],
        "IDU.Use.DailyMore3": [
            0.09647203732681822
        ],
        "IDU.Use.MoreThanWeekly": [
            0.430426573369177
        ],
        "IDU.Use.WeeklyToMonthly": [
            0.1879164738427271
        ],
        "Prison.Females": [
            0.4
        ],
        "Prison.Males": [
            0.63
        ],
        "Sexuality.GeneralPopulation.Female.Bisexual": [
            0.022
        ],
        "Sexuality.GeneralPopulation.Female.Heterosexual": [
            0.963
        ],
        "Sexuality.GeneralPopulation.Female.Homosexual": [
            0.012
        ],
        "Sexuality.GeneralPopulation.Male.Bisexual": [
            0.013
        ],
        "Sexuality.GeneralPopulation.Male.Heterosexual": [
            0.967
        ],
        "Sexuality.GeneralPopulation.Male.Homosexual": [
            0.019
        ],
        "Time.DurationToAverageOver": [
            5
        ],
        "Time.EndSimulation": [
            2020
        ],
        "Time.EndTreatmentData": [
            2013
        ],
        "Time.StartDynamicModel": [
            1980
        ],