{
    "Name": "./Data/OptimisationResults.json",
    "Date": "2015-10-26T19:14:28.178Z",
    "Seeds": [],
    "OptimisedParameters": {
        "HCV.PTransmission.IDU": [
            0.947850222572943
        ],
        "HCV.SyptomaticTesting": [
            0.1269415124056127
        ],
        "IDU.BecomeRegularInjector.P": [
            0.7589642116940979
        ],
        "IDU.Entry.B": [
            0.9611630211192139
        ],
        "IDU.Entry.Logk1": [
            0.8935892704038949
        ],
        "IDU.Entry.Logk2": [
            0.9081929317748414
        ],
        "IDU.Entry.PeakEntryPerYear": [
            32913.879449154236
        ],
        "IDU.Entry.YearPeakIDU": [
            1997.7149733136657
        ],
        "IDU.NSP.P": [
            0.7863938374140088
        ],
        "IDU.RateOfCeasingIrregularUse": [
            0.10843679428970392
        ],
        "IDU.RateOfCessation": [
            0.13011257778921
        ]
    },
    "Parameters": {
        "HCV.F0F1": [
            0.05822864799921055
        ],
        "HCV.F1F2": [
            0.09606006898752405
        ],
        "HCV.F2F3": [
            0.08731194722226547
        ],
        "HCV.F3F4": [
            0.0853352346514822
        ],
        "HCV.F4.PAt20Years.AlcoholGT50g": [
            0.07885788842572815
        ],
        "HCV.F4.PAt20Years.AlcoholLT50g": [
            0.25421579844232484
        ],
        "HCV.F4DeathP": [
            0.033564195662037645
        ],
        "HCV.F4HCCP": [
            0.03461912114589324
        ],
        "HCV.F4LF": [
            0.016735833803619506
        ],
        "HCV.FibrosisReversalRate": [
            0.5575111405521121
        ],
        "HCV.GenotypePrevalence.1": [
            0.4824811731755164
        ],
        "HCV.GenotypePrevalence.2": [
            0.07213200906429584
        ],
        "HCV.GenotypePrevalence.3": [
            0.2513391307963852
        ],
        "HCV.GenotypePrevalence.4": [
            0.022638444445278766
        ],
        "HCV.GenotypePrevalence.5": [
            0
        ],
        "HCV.GenotypePrevalence.6": [
            0
        ],
        "HCV.InitialPrevalence": [
            0.5791661660468267
        ],
        "HCV.PReinfectionProtected": [
            0.5414075498659807
        ],
        "HCV.PTransmission.IDU": [
            0.947850222572943
        ],
        "HCV.PTransmission.MotherToChild": [
            0.06519132358165833
        ],
        "HCV.SpontaneousClearance.CCGenotypeHR": [
            1.2392681423393959
        ],
        "HCV.SpontaneousClearance.FemaleHR": [
            1.7998766381096387
        ],
        "HCV.SpontaneousClearance.Genotype1": [
            1.3805589882678766
        ],
        "HCV.SpontaneousClearance.MedianTime": [
            0.43433189298949987
        ],
        "HCV.SpontaneousClearance.p": [
            0.3645190868330655
        ],
        "HCV.SyptomaticTesting": [
            0.1269415124056127
        ],
        "Haemophilia.HCV.Prevalence1973": [
            0.4634830947307133
        ],
        "Haemophilia.HCV.Prevalence1980": [
            0.7458101722191781
        ],
        "Haemophilia.HCV.Prevalence1990": [
            0.755530779318437
        ],
        "Haemophilia.MortalityFactor": [
            2.40734881821888
        ],
        "Haemophilia.Total2013": [
            2828.7182405377844
        ],
        "IDU.AIHWDataFactor": [
            1.9547920762561262
        ],
        "IDU.AIHWDataUncertaintySD": [
            1700
        ],
        "IDU.BecomeRegularInjector.P": [
            0.7589642116940979
        ],
        "IDU.BecomeRegularInjector.PTime.LT10Years": [
            0.0347999095344977
        ],
        "IDU.BecomeRegularInjector.PTime.LT1Week": [
            0.4820259533958388
        ],
        "IDU.BecomeRegularInjector.PTime.LT1Year": [
            0.025371567582703217
        ],
        "IDU.BecomeRegularInjector.PTime.LT5Years": [
            0.08565941695573606
        ],
        "IDU.BecomeRegularInjector.PTime.LT6Months": [
            0.3643719040377991
        ],
        "IDU.Entry.B": [
            0.9611630211192139
        ],
        "IDU.Entry.Logk1": [
            0.8935892704038949
        ],
        "IDU.Entry.Logk2": [
            0.9081929317748414
        ],
        "IDU.Entry.PeakEntryPerYear": [
            32913.879449154236
        ],
        "IDU.Entry.YearPeakIDU": [
            1997.7149733136657
        ],
        "IDU.ExcessMortality.Female": [
            0.006053074527107944
        ],
        "IDU.ExcessMortality.Male": [
            0.014303634705101554
        ],
        "IDU.InjectionStartAge.Median": [
            20.557473543154607
        ],
        "IDU.InjectionStartAge.SD": [
            0.16834500568217275
        ],
        "IDU.InjectionStartAge.SexDifference": [
            2.2875823162648334
        ],
        "IDU.MSMUse.HIVNeg": [
            0.04473355106024582
        ],
        "IDU.MSMUse.HIVPos": [
            0.17132732085883115
        ],
        "IDU.NSP.P": [
            0.7863938374140088
        ],
        "IDU.ProportionMale": [
            0.6689845669853884
        ],
        "IDU.RateOfCeasingIrregularUse": [
            0.10843679428970392
        ],
        "IDU.RateOfCessation": [
            0.13011257778921
        ],
        "IDU.RelationshipDuration.Val0": [
            0.30711097640506574
        ],
        "IDU.RelationshipDuration.Val1": [
            0.2145731270409359
        ],
        "IDU.RelationshipDuration.Val2": [
            0.38075767352606393
        ],
        "IDU.Sex.AnyLastMonth": [
            0.7081222332454594
        ],
        "IDU.Sex.FirstInjectionHadSexualPartner": [
            0
        ],
        "IDU.Sex.OtherLastMonth": [
            0.2275122870417997
        ],
        "IDU.Sex.RegularAndOtherLastMonth": [
            0.12848317115063113
        ],
        "IDU.Sex.RegularLastMonth": [
            0.7526242570506069
        ],
        "IDU.Sex.RegularPartnerInjects": [
            0.47424002211421495
        ],
        "IDU.Sexuality.Bisexual": [
            0.10177781223469551
        ],
        "IDU.Sexuality.Heterosexual": [
            0.8505939112294195
        ],
        "IDU.Sexuality.Homosexual": [
            0.05007896092500132
        ],
        "IDU.Sharing.PriorToNSP": [
            0.4989205614122867
        ],
        "IDU.Sharing.Rate18": [
            0
        ],
        "IDU.Sharing.RatePost1997": [
            0.11936002433384259
        ],
        "IDU.Sharing.RatePre1997": [
            0.2971576504162587
        ],
        "IDU.Sharing.RelativeRiskAge18to40": [
            0.5654422737915845
        ],
        "IDU.Use.Daily": [
            0.22401400338826652
        ],
        "IDU.Use.Daily2or3Times": [
            0.34394273416088206
        ],
        "IDU.Use.DailyMore3": [
            0.16555295680049895
        ],
        "IDU.Use.MoreThanWeekly": [
            0.28810606911596937
        ],
        "IDU.Use.WeeklyToMonthly": [
            0.16393076415684998
        ],
        "Prison.Females": [
            0.4
        ],
        "Prison.Males": [
            0.63
        ],
        "Sexuality.GeneralPopulation.Female.Bisexual": [
            0.022
        ],
        "Sexuality.GeneralPopulation.Female.Heterosexual": [
            0.963
        ],
        "Sexuality.GeneralPopulation.Female.Homosexual": [
            0.012
        ],
        "Sexuality.GeneralPopulation.Male.Bisexual": [
            0.013
        ],
        "Sexuality.GeneralPopulation.Male.Heterosexual": [
            0.967
        ],
        "Sexuality.GeneralPopulation.Male.Homosexual": [
            0.019
        ],
        "Time.DurationToAverageOver": [
            5
        ],
        "Time.EndSimulation": [
            2020
        ],
        "Time.EndTreatmentData": [
            2013
        ],
        "Time.StartDynamicModel": [
            1980
        ],