{
    "Name": "./Data/OptimisationResults.json",
    "Date": "2015-11-02T06:27:29.517Z",
    "Seeds": [],
    "OptimisedParameters": {
        "HCV.PTransmission.IDU": [
            0.050488676177337766
        ],
        "HCV.SyptomaticTesting": [
            0.4508275354746729
        ],
        "IDU.BecomeRegularInjector.P": [
            0.08480266970582306
        ],
        "IDU.Entry.B": [
            0.17739371792413294
        ],
        "IDU.Entry.Logk1": [
            0.8872084014583379
        ],
        "IDU.Entry.Logk2": [
            0.02919980906881392
        ],
        "IDU.Entry.PeakEntryPerYear": [
            47804.77446038276
        ],
        "IDU.Entry.YearPeakIDU": [
            1995.1069748229347
        ],
        "IDU.NSP.P": [
            0.6536025137174875
        ],
        "IDU.RateOfCeasingIrregularUse": [
            0.65053153433837
        ],
        "IDU.RateOfCessation": [
            0.8161725897807628
        ]
    },
    "Parameters": {
        "HCV.F0F1": [
            0.08651557442115775
        ],
        "HCV.F1F2": [
            0.08508394432199308
        ],
        "HCV.F2F3": [
            0.05838864095367344
        ],
        "HCV.F3F4": [
            0.09093226311435632
        ],
        "HCV.F4.PAt20Years.AlcoholGT50g": [
            0.05210093089348365
        ],
        "HCV.F4.PAt20Years.AlcoholLT50g": [
            0.285375004606298
        ],
        "HCV.F4DeathP": [
            0.031002271547687726
        ],
        "HCV.F4HCCP": [
            0.025041863191387972
        ],
        "HCV.F4LF": [
            0.019194666866843325
        ],
        "HCV.FibrosisReversalRate": [
            0.5838450507939994
        ],
        "HCV.GenotypePrevalence.1": [
            0.5371006604037672
        ],
        "HCV.GenotypePrevalence.2": [
            0.08749337530181422
        ],
        "HCV.GenotypePrevalence.3": [
            0.3844707231380812
        ],
        "HCV.GenotypePrevalence.4": [
            0.02611237805757517
        ],
        "HCV.GenotypePrevalence.5": [
            0
        ],
        "HCV.GenotypePrevalence.6": [
            0
        ],
        "HCV.InitialPrevalence": [
            0.5383309638883015
        ],
        "HCV.PReinfectionProtected": [
            0.43749311936351226
        ],
        "HCV.PTransmission.IDU": [
            0.050488676177337766
        ],
        "HCV.PTransmission.MotherToChild": [
            0.06128922928650939
        ],
        "HCV.SpontaneousClearance.CCGenotypeHR": [
            2.167007872099418
        ],
        "HCV.SpontaneousClearance.FemaleHR": [
            2.2689780594864732
        ],
        "HCV.SpontaneousClearance.Genotype1": [
            1.428791442540676
        ],
        "HCV.SpontaneousClearance.MedianTime": [
            0.45931932164623335
        ],
        "HCV.SpontaneousClearance.p": [
            0.33119088830594845
        ],
        "HCV.SyptomaticTesting": [
            0.4508275354746729
        ],
        "Haemophilia.HCV.Prevalence1973": [
            0.46536486838370555
        ],
        "Haemophilia.HCV.Prevalence1980": [
            0.7354795310224171
        ],
        "Haemophilia.HCV.Prevalence1990": [
            0.7436661783584065
        ],
        "Haemophilia.MortalityFactor": [
            2.7122336970441174
        ],
        "Haemophilia.Total2013": [
            2643.839513438916
        ],
        "IDU.AIHWDataFactor": [
            1.5666875136084855
        ],
        "IDU.AIHWDataUncertaintySD": [
            1700
        ],
        "IDU.BecomeRegularInjector.P": [
            0.08480266970582306
        ],
        "IDU.BecomeRegularInjector.PTime.LT10Years": [
            0.031970697179583486
        ],
        "IDU.BecomeRegularInjector.PTime.LT1Week": [
            0.4259788218422462
        ],
        "IDU.BecomeRegularInjector.PTime.LT1Year": [
            0.026625175141968403
        ],
        "IDU.BecomeRegularInjector.PTime.LT5Years": [
            0.1158815694914197
        ],
        "IDU.BecomeRegularInjector.PTime.LT6Months": [
            0.31837087678002873
        ],
        "IDU.Entry.B": [
            0.17739371792413294
        ],
        "IDU.Entry.Logk1": [
            0.8872084014583379
        ],
        "IDU.Entry.Logk2": [
            0.02919980906881392
        ],
        "IDU.Entry.PeakEntryPerYear": [
            47804.77446038276
        ],
        "IDU.Entry.YearPeakIDU": [
            1995.1069748229347
        ],
        "IDU.ExcessMortality.Female": [
            0.0029394140344367607
        ],
        "IDU.ExcessMortality.Male": [
            0.012231356151059861
        ],
        "IDU.InjectionStartAge.Median": [
            20.21680660699906
        ],
        "IDU.InjectionStartAge.SD": [
            0.18407039673355333
        ],
        "IDU.InjectionStartAge.SexDifference": [
            1.6807662582973695
        ],
        "IDU.MSMUse.HIVNeg": [
            0.017827106189881356
        ],
        "IDU.MSMUse.HIVPos": [
            0.18505316449662276
        ],
        "IDU.NSP.P": [
            0.6536025137174875
        ],
        "IDU.ProportionMale": [
            0.650775594412009
        ],
        "IDU.RateOfCeasingIrregularUse": [
            0.65053153433837
        ],
        "IDU.RateOfCessation": [
            0.8161725897807628
        ],
        "IDU.RelationshipDuration.Val0": [
            0.2389421276320009
        ],
        "IDU.RelationshipDuration.Val1": [
            0.24079960289717822
        ],
        "IDU.RelationshipDuration.Val2": [
            0.3412636017211351
        ],
        "IDU.Sex.AnyLastMonth": [
            0.6746527429063873
        ],
        "IDU.Sex.FirstInjectionHadSexualPartner": [
            0
        ],
        "IDU.Sex.OtherLastMonth": [
            0.21554345916654505
        ],
        "IDU.Sex.RegularAndOtherLastMonth": [
            0.03808334057101724
        ],
        "IDU.Sex.RegularLastMonth": [
            0.7377792962160106
        ],
        "IDU.Sex.RegularPartnerInjects": [
            0.47827332032700576
        ],
        "IDU.Sexuality.Bisexual": [
            0.10407095129231758
        ],
        "IDU.Sexuality.Heterosexual": [
            0.8470860366203465
        ],
        "IDU.Sexuality.Homosexual": [
            0.05164550180574544
        ],
        "IDU.Sharing.PriorToNSP": [
            0.7227510504829339
        ],
        "IDU.Sharing.Rate18": [
            0
        ],
        "IDU.Sharing.RatePost1997": [
            0.19498962148207827
        ],
        "IDU.Sharing.RatePre1997": [
            0.293750448332924
        ],
        "IDU.Sharing.RelativeRiskAge18to40": [
            0.6281098533664909
        ],
        "IDU.Use.Daily": [
            0.22564215065302012
        ],
        "IDU.Use.Daily2or3Times": [
            0.222529912218028
        ],
        "IDU.Use.DailyMore3": [
            0.08054701463548372
        ],
        "IDU.Use.MoreThanWeekly": [
            0.3658338817255678
        ],
        "IDU.Use.WeeklyToMonthly": [
            0.15645658258988954
        ],
        "Prison.Females": [
            0.4
        ],
        "Prison.Males": [
            0.63
        ],
        "Sexuality.GeneralPopulation.Female.Bisexual": [
            0.022
        ],
        "Sexuality.GeneralPopulation.Female.Heterosexual": [
            0.963
        ],
        "Sexuality.GeneralPopulation.Female.Homosexual": [
            0.012
        ],
        "Sexuality.GeneralPopulation.Male.Bisexual": [
            0.013
        ],
        "Sexuality.GeneralPopulation.Male.Heterosexual": [
            0.967
        ],
        "Sexuality.GeneralPopulation.Male.Homosexual": [
            0.019
        ],
        "Time.DurationToAverageOver": [
            5
        ],
        "Time.EndSimulation": [
            2020
        ],
        "Time.EndTreatmentData": [
            2013
        ],
        "Time.StartDynamicModel": [
            1980
        ],