{
    "Name": "./Data/OptimisationResults.json",
    "Date": "2015-10-28T07:04:32.202Z",
    "Seeds": [],
    "OptimisedParameters": {
        "HCV.PTransmission.IDU": [
            0.18048106227070093
        ],
        "HCV.SyptomaticTesting": [
            0.4908780585974455
        ],
        "IDU.BecomeRegularInjector.P": [
            0.697045917622745
        ],
        "IDU.Entry.B": [
            0.2959207221865654
        ],
        "IDU.Entry.Logk1": [
            0.7335543083027005
        ],
        "IDU.Entry.Logk2": [
            0.23696240969002247
        ],
        "IDU.Entry.PeakEntryPerYear": [
            60398.061480373144
        ],
        "IDU.Entry.YearPeakIDU": [
            1998.9255188181996
        ],
        "IDU.NSP.P": [
            0.29447939340025187
        ],
        "IDU.RateOfCeasingIrregularUse": [
            0.40104340575635433
        ],
        "IDU.RateOfCessation": [
            0.9731510011479259
        ]
    },
    "Parameters": {
        "HCV.F0F1": [
            0.06774709017816787
        ],
        "HCV.F1F2": [
            0.10646412676540315
        ],
        "HCV.F2F3": [
            0.09184293560263662
        ],
        "HCV.F3F4": [
            0.15018238750809168
        ],
        "HCV.F4.PAt20Years.AlcoholGT50g": [
            0.06187307049543833
        ],
        "HCV.F4.PAt20Years.AlcoholLT50g": [
            0.1215439079393234
        ],
        "HCV.F4DeathP": [
            0.03380809666891545
        ],
        "HCV.F4HCCP": [
            0.026103340709663737
        ],
        "HCV.F4LF": [
            0.01944249885740913
        ],
        "HCV.FibrosisReversalRate": [
            0.6008100008639965
        ],
        "HCV.GenotypePrevalence.1": [
            0.5281192361418836
        ],
        "HCV.GenotypePrevalence.2": [
            0.08251106410437165
        ],
        "HCV.GenotypePrevalence.3": [
            0.3347363089435752
        ],
        "HCV.GenotypePrevalence.4": [
            0.025318236555925442
        ],
        "HCV.GenotypePrevalence.5": [
            0
        ],
        "HCV.GenotypePrevalence.6": [
            0
        ],
        "HCV.InitialPrevalence": [
            0.6221055267184357
        ],
        "HCV.PReinfectionProtected": [
            0.33533381032783194
        ],
        "HCV.PTransmission.IDU": [
            0.18048106227070093
        ],
        "HCV.PTransmission.MotherToChild": [
            0.05705767866672332
        ],
        "HCV.SpontaneousClearance.CCGenotypeHR": [
            1.8269292588602903
        ],
        "HCV.SpontaneousClearance.FemaleHR": [
            2.301169749921351
        ],
        "HCV.SpontaneousClearance.Genotype1": [
            1.5060293661954827
        ],
        "HCV.SpontaneousClearance.MedianTime": [
            0.49152492319133567
        ],
        "HCV.SpontaneousClearance.p": [
            0.34132009355488696
        ],
        "HCV.SyptomaticTesting": [
            0.4908780585974455
        ],
        "Haemophilia.HCV.Prevalence1973": [
            0.4546562131309395
        ],
        "Haemophilia.HCV.Prevalence1980": [
            0.7658616146381654
        ],
        "Haemophilia.HCV.Prevalence1990": [
            0.7913837451035455
        ],
        "Haemophilia.MortalityFactor": [
            3.0339742682884
        ],
        "Haemophilia.Total2013": [
            2730.2613762462643
        ],
        "IDU.AIHWDataFactor": [
            1.5335532715544105
        ],
        "IDU.AIHWDataUncertaintySD": [
            1700
        ],
        "IDU.BecomeRegularInjector.P": [
            0.697045917622745
        ],
        "IDU.BecomeRegularInjector.PTime.LT10Years": [
            0.03768544302250486
        ],
        "IDU.BecomeRegularInjector.PTime.LT1Week": [
            0.4438509439516918
        ],
        "IDU.BecomeRegularInjector.PTime.LT1Year": [
            0.05214445760342945
        ],
        "IDU.BecomeRegularInjector.PTime.LT5Years": [
            0.11987731275978232
        ],
        "IDU.BecomeRegularInjector.PTime.LT6Months": [
            0.3283080389886981
        ],
        "IDU.Entry.B": [
            0.2959207221865654
        ],
        "IDU.Entry.Logk1": [
            0.7335543083027005
        ],
        "IDU.Entry.Logk2": [
            0.23696240969002247
        ],
        "IDU.Entry.PeakEntryPerYear": [
            60398.061480373144
        ],
        "IDU.Entry.YearPeakIDU": [
            1998.9255188181996
        ],
        "IDU.ExcessMortality.Female": [
            0.005004242457095722
        ],
        "IDU.ExcessMortality.Male": [
            0.013221808117874493
        ],
        "IDU.InjectionStartAge.Median": [
            21.039075742615008
        ],
        "IDU.InjectionStartAge.SD": [
            0.1697210049646891
        ],
        "IDU.InjectionStartAge.SexDifference": [
            0.5575430522068824
        ],
        "IDU.MSMUse.HIVNeg": [
            0.02964760008599718
        ],
        "IDU.MSMUse.HIVPos": [
            0.13385533666324226
        ],
        "IDU.NSP.P": [
            0.29447939340025187
        ],
        "IDU.ProportionMale": [
            0.5530283396367848
        ],
        "IDU.RateOfCeasingIrregularUse": [
            0.40104340575635433
        ],
        "IDU.RateOfCessation": [
            0.9731510011479259
        ],
        "IDU.RelationshipDuration.Val0": [
            0.3049755609063332
        ],
        "IDU.RelationshipDuration.Val1": [
            0.26883609978670575
        ],
        "IDU.RelationshipDuration.Val2": [
            0.42525446908227216
        ],
        "IDU.Sex.AnyLastMonth": [
            0.6440275135792678
        ],
        "IDU.Sex.FirstInjectionHadSexualPartner": [
            0
        ],
        "IDU.Sex.OtherLastMonth": [
            0.22886276215781481
        ],
        "IDU.Sex.RegularAndOtherLastMonth": [
            0.039970172192782275
        ],
        "IDU.Sex.RegularLastMonth": [
            0.7509606395332965
        ],
        "IDU.Sex.RegularPartnerInjects": [
            0.4575962619090711
        ],
        "IDU.Sexuality.Bisexual": [
            0.1000356240184589
        ],
        "IDU.Sexuality.Heterosexual": [
            0.8349065049874833
        ],
        "IDU.Sexuality.Homosexual": [
            0.0533251070865194
        ],
        "IDU.Sharing.PriorToNSP": [
            0.6039484716471544
        ],
        "IDU.Sharing.Rate18": [
            0
        ],
        "IDU.Sharing.RatePost1997": [
            0.14145730062444667
        ],
        "IDU.Sharing.RatePre1997": [
            0.273321416331705
        ],
        "IDU.Sharing.RelativeRiskAge18to40": [
            0.5691251127446415
        ],
        "IDU.Use.Daily": [
            0.23829459277928133
        ],
        "IDU.Use.Daily2or3Times": [
            0.19296670559732526
        ],
        "IDU.Use.DailyMore3": [
            0.005196031496843945
        ],
        "IDU.Use.MoreThanWeekly": [
            0.40860023946181184
        ],
        "IDU.Use.WeeklyToMonthly": [
            0.2092922176823796
        ],
        "Prison.Females": [
            0.4
        ],
        "Prison.Males": [
            0.63
        ],
        "Sexuality.GeneralPopulation.Female.Bisexual": [
            0.022
        ],
        "Sexuality.GeneralPopulation.Female.Heterosexual": [
            0.963
        ],
        "Sexuality.GeneralPopulation.Female.Homosexual": [
            0.012
        ],
        "Sexuality.GeneralPopulation.Male.Bisexual": [
            0.013
        ],
        "Sexuality.GeneralPopulation.Male.Heterosexual": [
            0.967
        ],
        "Sexuality.GeneralPopulation.Male.Homosexual": [
            0.019
        ],
        "Time.DurationToAverageOver": [
            5
        ],
        "Time.EndSimulation": [
            2020
        ],
        "Time.EndTreatmentData": [
            2013
        ],
        "Time.StartDynamicModel": [
            1980
        ],