{
    "Name": "./Data/OptimisationResults.json",
    "Date": "2015-10-28T15:44:39.618Z",
    "Seeds": [],
    "OptimisedParameters": {
        "HCV.PTransmission.IDU": [
            0.5384723723400384
        ],
        "HCV.SyptomaticTesting": [
            0.9282377252820879
        ],
        "IDU.BecomeRegularInjector.P": [
            0.3713701118249446
        ],
        "IDU.Entry.B": [
            0.6072229503188282
        ],
        "IDU.Entry.Logk1": [
            0.3864144601393491
        ],
        "IDU.Entry.Logk2": [
            0.4982324468437582
        ],
        "IDU.Entry.PeakEntryPerYear": [
            35370.31498271972
        ],
        "IDU.Entry.YearPeakIDU": [
            2000.3396949148737
        ],
        "IDU.NSP.P": [
            0.8114613548386842
        ],
        "IDU.RateOfCeasingIrregularUse": [
            0.43391000875271857
        ],
        "IDU.RateOfCessation": [
            0.6461198155302554
        ]
    },
    "Parameters": {
        "HCV.F0F1": [
            0.06315080638386777
        ],
        "HCV.F1F2": [
            0.06706337115058834
        ],
        "HCV.F2F3": [
            0.10945624050872316
        ],
        "HCV.F3F4": [
            0.08602474288682288
        ],
        "HCV.F4.PAt20Years.AlcoholGT50g": [
            0.07226003287166922
        ],
        "HCV.F4.PAt20Years.AlcoholLT50g": [
            0.260365939047544
        ],
        "HCV.F4DeathP": [
            0.031471631938813735
        ],
        "HCV.F4HCCP": [
            0.028760991215618984
        ],
        "HCV.F4LF": [
            0.018969371118123815
        ],
        "HCV.FibrosisReversalRate": [
            0.5998239784807091
        ],
        "HCV.GenotypePrevalence.1": [
            0.4993193199937638
        ],
        "HCV.GenotypePrevalence.2": [
            0.0900693065396107
        ],
        "HCV.GenotypePrevalence.3": [
            0.28242549962543284
        ],
        "HCV.GenotypePrevalence.4": [
            0.027464498091754056
        ],
        "HCV.GenotypePrevalence.5": [
            0
        ],
        "HCV.GenotypePrevalence.6": [
            0
        ],
        "HCV.InitialPrevalence": [
            0.5946671153776574
        ],
        "HCV.PReinfectionProtected": [
            0.20648432696414237
        ],
        "HCV.PTransmission.IDU": [
            0.5384723723400384
        ],
        "HCV.PTransmission.MotherToChild": [
            0.0690903922406839
        ],
        "HCV.SpontaneousClearance.CCGenotypeHR": [
            1.76590046918919
        ],
        "HCV.SpontaneousClearance.FemaleHR": [
            2.568920925981682
        ],
        "HCV.SpontaneousClearance.Genotype1": [
            1.6942780885021786
        ],
        "HCV.SpontaneousClearance.MedianTime": [
            0.419311898679658
        ],
        "HCV.SpontaneousClearance.p": [
            0.3341349866201119
        ],
        "HCV.SyptomaticTesting": [
            0.9282377252820879
        ],
        "Haemophilia.HCV.Prevalence1973": [
            0.4665250686229863
        ],
        "Haemophilia.HCV.Prevalence1980": [
            0.7463288246345026
        ],
        "Haemophilia.HCV.Prevalence1990": [
            0.7791177427326038
        ],
        "Haemophilia.MortalityFactor": [
            2.6651151135388575
        ],
        "Haemophilia.Total2013": [
            2878.192057847636
        ],
        "IDU.AIHWDataFactor": [
            1.0925752227194607
        ],
        "IDU.AIHWDataUncertaintySD": [
            1700
        ],
        "IDU.BecomeRegularInjector.P": [
            0.3713701118249446
        ],
        "IDU.BecomeRegularInjector.PTime.LT10Years": [
            0.0018018265402987357
        ],
        "IDU.BecomeRegularInjector.PTime.LT1Week": [
            0.4469648172305737
        ],
        "IDU.BecomeRegularInjector.PTime.LT1Year": [
            0.08417903082690147
        ],
        "IDU.BecomeRegularInjector.PTime.LT5Years": [
            0.09113794742047567
        ],
        "IDU.BecomeRegularInjector.PTime.LT6Months": [
            0.28188931796169153
        ],
        "IDU.Entry.B": [
            0.6072229503188282
        ],
        "IDU.Entry.Logk1": [
            0.3864144601393491
        ],
        "IDU.Entry.Logk2": [
            0.4982324468437582
        ],
        "IDU.Entry.PeakEntryPerYear": [
            35370.31498271972
        ],
        "IDU.Entry.YearPeakIDU": [
            2000.3396949148737
        ],
        "IDU.ExcessMortality.Female": [
            0.003320936555565781
        ],
        "IDU.ExcessMortality.Male": [
            0.009706936508603955
        ],
        "IDU.InjectionStartAge.Median": [
            21.752703780732762
        ],
        "IDU.InjectionStartAge.SD": [
            0.171126429749638
        ],
        "IDU.InjectionStartAge.SexDifference": [
            2.377261494564534
        ],
        "IDU.MSMUse.HIVNeg": [
            0.03466340774379633
        ],
        "IDU.MSMUse.HIVPos": [
            0.18205328064152662
        ],
        "IDU.NSP.P": [
            0.8114613548386842
        ],
        "IDU.ProportionMale": [
            0.6409794238589834
        ],
        "IDU.RateOfCeasingIrregularUse": [
            0.43391000875271857
        ],
        "IDU.RateOfCessation": [
            0.6461198155302554
        ],
        "IDU.RelationshipDuration.Val0": [
            0.295190057780413
        ],
        "IDU.RelationshipDuration.Val1": [
            0.26587135378927984
        ],
        "IDU.RelationshipDuration.Val2": [
            0.34329201519523617
        ],
        "IDU.Sex.AnyLastMonth": [
            0.7035567077771827
        ],
        "IDU.Sex.FirstInjectionHadSexualPartner": [
            0
        ],
        "IDU.Sex.OtherLastMonth": [
            0.19204180931846473
        ],
        "IDU.Sex.RegularAndOtherLastMonth": [
            0.043573588140390404
        ],
        "IDU.Sex.RegularLastMonth": [
            0.7400926698214988
        ],
        "IDU.Sex.RegularPartnerInjects": [
            0.42707211403975553
        ],
        "IDU.Sexuality.Bisexual": [
            0.09485149366237705
        ],
        "IDU.Sexuality.Heterosexual": [
            0.8461068581662399
        ],
        "IDU.Sexuality.Homosexual": [
            0.05168338111047844
        ],
        "IDU.Sharing.PriorToNSP": [
            0.5831964394529431
        ],
        "IDU.Sharing.Rate18": [
            0
        ],
        "IDU.Sharing.RatePost1997": [
            0.14125740273246418
        ],
        "IDU.Sharing.RatePre1997": [
            0.3047962822799313
        ],
        "IDU.Sharing.RelativeRiskAge18to40": [
            0.5503371257698618
        ],
        "IDU.Use.Daily": [
            0.18587439397166242
        ],
        "IDU.Use.Daily2or3Times": [
            0.23495246295259048
        ],
        "IDU.Use.DailyMore3": [
            0.02492316525318647
        ],
        "IDU.Use.MoreThanWeekly": [
            0.3888993245500516
        ],
        "IDU.Use.WeeklyToMonthly": [
            0.23947486041540883
        ],
        "Prison.Females": [
            0.4
        ],
        "Prison.Males": [
            0.63
        ],
        "Sexuality.GeneralPopulation.Female.Bisexual": [
            0.022
        ],
        "Sexuality.GeneralPopulation.Female.Heterosexual": [
            0.963
        ],
        "Sexuality.GeneralPopulation.Female.Homosexual": [
            0.012
        ],
        "Sexuality.GeneralPopulation.Male.Bisexual": [
            0.013
        ],
        "Sexuality.GeneralPopulation.Male.Heterosexual": [
            0.967
        ],
        "Sexuality.GeneralPopulation.Male.Homosexual": [
            0.019
        ],
        "Time.DurationToAverageOver": [
            5
        ],
        "Time.EndSimulation": [
            2020
        ],
        "Time.EndTreatmentData": [
            2013
        ],
        "Time.StartDynamicModel": [
            1980
        ],