{
    "Name": "./Data/OptimisationResults.json",
    "Date": "2015-10-26T15:24:25.963Z",
    "Seeds": [],
    "OptimisedParameters": {
        "HCV.PTransmission.IDU": [
            0.6235101619179085,
            0.5754463768545619
        ],
        "IDU.BecomeRegularInjector.P": [
            0.6222930904238799,
            0.47167479032411186
        ],
        "IDU.Entry.B": [
            0.2709638328855425,
            0.829223626424853
        ],
        "IDU.Entry.Logk1": [
            0.4595722873256403,
            0.5765233656523462
        ],
        "IDU.Entry.Logk2": [
            0.7086603659569645,
            0.8382015532452818
        ],
        "IDU.Entry.PeakEntryPerYear": [
            64024.10706743469,
            58540.01302565073
        ],
        "IDU.Entry.YearPeakIDU": [
            1997.4345718427353,
            1997.3773883108945
        ],
        "IDU.NSP.P": [
            0.7778622802399858,
            0.30339440405130147
        ],
        "IDU.RateOfCeasingIrregularUse": [
            0.16520406539197902,
            0.7705902802401918
        ],
        "IDU.RateOfCessation": [
            0.6972794168512413,
            0.38240217727379544
        ]
    },
    "Parameters": {
        "HCV.F0F1": [
            0.045031757575737574,
            0.05565551172162908
        ],
        "HCV.F1F2": [
            0.05950956178690713,
            0.06982226979039576
        ],
        "HCV.F2F3": [
            0.13568439676659644,
            0.10080292678452228
        ],
        "HCV.F3F4": [
            0.06987280943259995,
            0.06531210329799086
        ],
        "HCV.F4.PAt20Years.AlcoholGT50g": [
            0.061480448819630856,
            0.05797676279745577
        ],
        "HCV.F4.PAt20Years.AlcoholLT50g": [
            0.3197030260604403,
            0.33409873921856437
        ],
        "HCV.F4DeathP": [
            0.031744836067683746,
            0.0331402404208334
        ],
        "HCV.F4HCCP": [
            0.03042171392652273,
            0.030113063251335847
        ],
        "HCV.F4LF": [
            0.01707156632061722,
            0.02329550881672697
        ],
        "HCV.FibrosisReversalRate": [
            0.5590913996452183,
            0.5919586505588683
        ],
        "HCV.GenotypePrevalence.1": [
            0.5887217124316898,
            0.5964996812547073
        ],
        "HCV.GenotypePrevalence.2": [
            0.06801397900203283,
            0.11304445384862835
        ],
        "HCV.GenotypePrevalence.3": [
            0.31310946271187784,
            0.31716092698810466
        ],
        "HCV.GenotypePrevalence.4": [
            0.026328867721058004,
            0.02422310392939351
        ],
        "HCV.GenotypePrevalence.5": [
            0,
            0
        ],
        "HCV.GenotypePrevalence.6": [
            0,
            0
        ],
        "HCV.InitialPrevalence": [
            0.5703372831289627,
            0.5306486073174779
        ],
        "HCV.PReinfectionProtected": [
            0.5251654262008193,
            0.6753309230172047
        ],
        "HCV.PTransmission.IDU": [
            0.6235101619179085,
            0.5754463768545619
        ],
        "HCV.PTransmission.MotherToChild": [
            0.05876196817758088,
            0.057840461332549054
        ],
        "HCV.SpontaneousClearance.CCGenotypeHR": [
            1.9614204135932551,
            2.0920980246225183
        ],
        "HCV.SpontaneousClearance.FemaleHR": [
            2.2196166017630707,
            2.256910132198874
        ],
        "HCV.SpontaneousClearance.Genotype1": [
            1.6477509761476052,
            1.2330361516266837
        ],
        "HCV.SpontaneousClearance.MedianTime": [
            0.4813494382775987,
            0.41102507165363056
        ],
        "HCV.SpontaneousClearance.p": [
            0.3811254756829092,
            0.3707649364752944
        ],
        "Haemophilia.HCV.Prevalence1973": [
            0.4501345762697638,
            0.4587074502805968
        ],
        "Haemophilia.HCV.Prevalence1980": [
            0.7387091821097758,
            0.7584217471615372
        ],
        "Haemophilia.HCV.Prevalence1990": [
            0.7532985358767006,
            0.7384380207960165
        ],
        "Haemophilia.MortalityFactor": [
            2.751229466784416,
            2.417055462116291
        ],
        "Haemophilia.Total2013": [
            2893.3151180214654,
            2772.7355436465796
        ],
        "IDU.AIHWDataFactor": [
            1.5043180286884308,
            1.2027705830987543
        ],
        "IDU.AIHWDataUncertaintySD": [
            1700,
            1700
        ],
        "IDU.BecomeRegularInjector.P": [
            0.6222930904238799,
            0.47167479032411186
        ],
        "IDU.BecomeRegularInjector.PTime.LT10Years": [
            0.05704577564674745,
            0.0525890132265778
        ],
        "IDU.BecomeRegularInjector.PTime.LT1Week": [
            0.45470038267266494,
            0.422838210668174
        ],
        "IDU.BecomeRegularInjector.PTime.LT1Year": [
            0.027708489489861036,
            0.03683704236826896
        ],
        "IDU.BecomeRegularInjector.PTime.LT5Years": [
            0.09863196091751511,
            0.0693706457664887
        ],
        "IDU.BecomeRegularInjector.PTime.LT6Months": [
            0.3576123743199176,
            0.33916917636883354
        ],
        "IDU.Entry.B": [
            0.2709638328855425,
            0.829223626424853
        ],
        "IDU.Entry.Logk1": [
            0.4595722873256403,
            0.5765233656523462
        ],
        "IDU.Entry.Logk2": [
            0.7086603659569645,
            0.8382015532452818
        ],
        "IDU.Entry.PeakEntryPerYear": [
            64024.10706743469,
            58540.01302565073
        ],
        "IDU.Entry.YearPeakIDU": [
            1997.4345718427353,
            1997.3773883108945
        ],
        "IDU.ExcessMortality.Female": [
            0.0030507856662703964,
            0.004017361465870826
        ],
        "IDU.ExcessMortality.Male": [
            0.017324468261561653,
            0.010737231884780077
        ],
        "IDU.InjectionStartAge.Median": [
            20.409041326512693,
            21.81430047837599
        ],
        "IDU.InjectionStartAge.SD": [
            0.1715695596553309,
            0.16806602219285302
        ],
        "IDU.InjectionStartAge.SexDifference": [
            1.0114031799935674,
            1.7314480364640055
        ],
        "IDU.MSMUse.HIVNeg": [
            0.03678374100148314,
            0.03152823929043782
        ],
        "IDU.MSMUse.HIVPos": [
            0.18947674530554645,
            0.1597108060535474
        ],
        "IDU.NSP.P": [
            0.7778622802399858,
            0.30339440405130147
        ],
        "IDU.ProportionMale": [
            0.6490428474008396,
            0.7693030990819459
        ],
        "IDU.RateOfCeasingIrregularUse": [
            0.16520406539197902,
            0.7705902802401918
        ],
        "IDU.RateOfCessation": [
            0.6972794168512413,
            0.38240217727379544
        ],
        "IDU.RelationshipDuration.Val0": [
            0.2902626585114062,
            0.4006200671032515
        ],
        "IDU.RelationshipDuration.Val1": [
            0.33977156061905034,
            0.3200488520222361
        ],
        "IDU.RelationshipDuration.Val2": [
            0.3847693411520573,
            0.356800958034457
        ],
        "IDU.Sex.AnyLastMonth": [
            0.6988442512476055,
            0.7032074982171908
        ],
        "IDU.Sex.FirstInjectionHadSexualPartner": [
            0,
            0
        ],
        "IDU.Sex.OtherLastMonth": [
            0.18711446783560493,
            0.21718796299558893
        ],