{
    "Name": "./Data/OptimisationResults.json",
    "Date": "2015-10-19T18:20:15.945Z",
    "Seeds": [],
    "OptimisedParameters": {
        "HCV.PTransmission.IDU": [
            0.10170114342786866,
            0.3963283563110679
        ],
        "IDU.BecomeRegularInjector.P": [
            0.8278739144054427,
            0.9799863696240021
        ],
        "IDU.Entry.B": [
            0.9181005894954755,
            0.24037531925901612
        ],
        "IDU.Entry.Logk1": [
            0.4613235620376973,
            0.47464890774501933
        ],
        "IDU.Entry.Logk2": [
            0.4219835458412353,
            0.49122938183255577
        ],
        "IDU.Entry.PeakEntryPerYear": [
            72801.4864557627,
            28109.038892743087
        ],
        "IDU.Entry.YearPeakIDU": [
            2000.9524908056585,
            1999.9156882348307
        ],
        "IDU.NSP.P": [
            0.3114402988999526,
            0.7021939187325883
        ],
        "IDU.RateOfCeasingIrregularUse": [
            0.6738944687661766,
            0.20996726896946832
        ],
        "IDU.RateOfCessation": [
            0.38463661404716054,
            0.4174957833874237
        ]
    },
    "Parameters": {
        "HCV.F0F1": [
            0.07556750464424958,
            0.05089152155922534
        ],
        "HCV.F1F2": [
            0.11523552434143491,
            0.12037012193506741
        ],
        "HCV.F2F3": [
            0.09602398540746926,
            0.097522313473959
        ],
        "HCV.F3F4": [
            0.09685810947969523,
            0.08830268351127835
        ],
        "HCV.F4.PAt20Years.AlcoholGT50g": [
            0.0761568110797911,
            0.06693386639337855
        ],
        "HCV.F4.PAt20Years.AlcoholLT50g": [
            0.39200474098521876,
            0.22131641123213236
        ],
        "HCV.F4DeathP": [
            0.031098007682888916,
            0.027729861658970546
        ],
        "HCV.F4HCCP": [
            0.0309634031461944,
            0.026727749917964526
        ],
        "HCV.F4LF": [
            0.02021803329973007,
            0.017284749620221477
        ],
        "HCV.FibrosisReversalRate": [
            0.5842361923157372,
            0.5744490941669131
        ],
        "HCV.GenotypePrevalence.1": [
            0.5351995803823106,
            0.49730013575068993
        ],
        "HCV.GenotypePrevalence.2": [
            0.07873818159604878,
            0.07666154253775355
        ],
        "HCV.GenotypePrevalence.3": [
            0.36560556485398144,
            0.3009677394307114
        ],
        "HCV.GenotypePrevalence.4": [
            0.01890087282645548,
            0.0259119722028344
        ],
        "HCV.GenotypePrevalence.5": [
            0,
            0
        ],
        "HCV.GenotypePrevalence.6": [
            0,
            0
        ],
        "HCV.InitialPrevalence": [
            0.594759878974766,
            0.6636154387438804
        ],
        "HCV.PReinfectionProtected": [
            0.21783676585520706,
            0.6320989567109188
        ],
        "HCV.PTransmission.IDU": [
            0.10170114342786866,
            0.3963283563110679
        ],
        "HCV.PTransmission.MotherToChild": [
            0.05856127512577732,
            0.060096924731832854
        ],
        "HCV.SpontaneousClearance.CCGenotypeHR": [
            1.9936056898770562,
            1.9105658313507485
        ],
        "HCV.SpontaneousClearance.FemaleHR": [
            2.0452890443390634,
            2.7695626635058384
        ],
        "HCV.SpontaneousClearance.Genotype1": [
            1.6457466209298268,
            1.5922081746811223
        ],
        "HCV.SpontaneousClearance.MedianTime": [
            0.4114764453457226,
            0.41425027224381833
        ],
        "HCV.SpontaneousClearance.p": [
            0.3410462908868077,
            0.3616462392037392
        ],
        "Haemophilia.HCV.Prevalence1973": [
            0.45431361251222163,
            0.4509158617231421
        ],
        "Haemophilia.HCV.Prevalence1980": [
            0.7327522807484793,
            0.7565620352780791
        ],
        "Haemophilia.HCV.Prevalence1990": [
            0.7502785093754255,
            0.7430615388707842
        ],
        "Haemophilia.MortalityFactor": [
            3.0027393963498508,
            2.637958547823667
        ],
        "Haemophilia.Total2013": [
            2704.030941945472,
            2919.212641631921
        ],
        "IDU.AIHWDataFactor": [
            1.5241839145310223,
            1.466402722755447
        ],
        "IDU.AIHWDataUncertaintySD": [
            1700,
            1700
        ],
        "IDU.BecomeRegularInjector.P": [
            0.8278739144054427,
            0.9799863696240021
        ],
        "IDU.BecomeRegularInjector.PTime.LT10Years": [
            0.05275034625479921,
            0.026900177184251705
        ],
        "IDU.BecomeRegularInjector.PTime.LT1Week": [
            0.46986722182896357,
            0.46799402884591745
        ],
        "IDU.BecomeRegularInjector.PTime.LT1Year": [
            0.07200713303447315,
            0.06882064558098525
        ],
        "IDU.BecomeRegularInjector.PTime.LT5Years": [
            0.12536873939072596,
            0.10800435517770508
        ],
        "IDU.BecomeRegularInjector.PTime.LT6Months": [
            0.35674473133540596,
            0.3362564132272209
        ],
        "IDU.Entry.B": [
            0.9181005894954755,
            0.24037531925901612
        ],
        "IDU.Entry.Logk1": [
            0.4613235620376973,
            0.47464890774501933
        ],
        "IDU.Entry.Logk2": [
            0.4219835458412353,
            0.49122938183255577
        ],
        "IDU.Entry.PeakEntryPerYear": [
            72801.4864557627,
            28109.038892743087
        ],
        "IDU.Entry.YearPeakIDU": [
            2000.9524908056585,
            1999.9156882348307
        ],
        "IDU.ExcessMortality.Female": [
            0.0030335787212412667,
            0.002979968437630101
        ],
        "IDU.ExcessMortality.Male": [
            0.013953369733666454,
            0.013264555383926471
        ],
        "IDU.InjectionStartAge.Median": [
            21.270128915494983,
            20.266126867127863
        ],
        "IDU.InjectionStartAge.SD": [
            0.1792362066300876,
            0.17168056968873188
        ],
        "IDU.InjectionStartAge.SexDifference": [
            1.6339869432043268,
            -0.10196825589608105
        ],
        "IDU.MSMUse.HIVNeg": [
            0.025882453922139576,
            0.039328143635076175
        ],
        "IDU.MSMUse.HIVPos": [
            0.18446180960424888,
            0.16663818899253932
        ],
        "IDU.NSP.P": [
            0.3114402988999526,
            0.7021939187325883
        ],
        "IDU.ProportionMale": [
            0.6465721236565186,
            0.6165262803296816
        ],
        "IDU.RateOfCeasingIrregularUse": [
            0.6738944687661766,
            0.20996726896946832
        ],
        "IDU.RateOfCessation": [
            0.38463661404716054,
            0.4174957833874237
        ],
        "IDU.RelationshipDuration.Val0": [
            0.3808933652185744,
            0.37684221266462453
        ],
        "IDU.RelationshipDuration.Val1": [
            0.2267109485018903,
            0.2977199248613194
        ],
        "IDU.RelationshipDuration.Val2": [
            0.36054254315719125,
            0.3061116150558192
        ],
        "IDU.Sex.AnyLastMonth": [
            0.6924254154198688,
            0.6803397916419379
        ],
        "IDU.Sex.FirstInjectionHadSexualPartner": [
            0,
            0
        ],
        "IDU.Sex.OtherLastMonth": [
            0.2275458282417741,
            0.2762731638975595
        ],