{
    "Name": "./data/optimisationeesults.json",
    "Date": "2015-11-03T08:13:21.646Z",
    "Seeds": [],
    "OptimisedParameters": {
        "HCV.PTransmission.IDU": [
            0.32345149642787874,
            0.11933937110006809,
            0.8729892184492201,
            0.9499817686155438
        ],
        "HCV.SyptomaticTesting": [
            0.5755279816221446,
            0.9093291824683547,
            0.2859243943821639,
            0.11796377785503864
        ],
        "IDU.BecomeRegularInjector.P": [
            0.9158484430518001,
            0.06907958164811134,
            0.7441967853810638,
            0.4814383676275611
        ],
        "IDU.Entry.B": [
            0.7217381771188229,
            0.47205634508281946,
            0.6748295638244599,
            0.10327484831213951
        ],
        "IDU.Entry.Logk1": [
            0.47971818945370615,
            0.8710778187960386,
            0.7041295019444078,
            0.5171867990866303
        ],
        "IDU.Entry.Logk2": [
            0.15714826132170856,
            0.16863962542265654,
            0.43948628823272884,
            0.6259864624589682
        ],
        "IDU.Entry.PeakEntryPerYear": [
            57484.65785291046,
            53587.2183740139,
            31464.840634725988,
            12034.695129841566
        ],
        "IDU.Entry.YearPeakIDU": [
            1999.0278655369766,
            1996.9995362441987,
            1997.3346034591086,
            1995.7271836102009
        ],
        "IDU.NSP.P": [
            0.7991664258297533,
            0.036220015957951546,
            0.2421677594538778,
            0.9988751383498311
        ],
        "IDU.RateOfCeasingIrregularUse": [
            0.4444648853968829,
            0.6187471589073539,
            0.35247072274796665,
            0.5721626523882151
        ],
        "IDU.RateOfCessation": [
            0.009460644563660026,
            0.0981135182082653,
            0.6033581697847694,
            0.14032972510904074
        ]
    },
    "Parameters": {
        "HCV.F0F1": [
            0.06951331300520419,
            0.058014538838138854,
            0.05994376066433936,
            0.07584856347446513
        ],
        "HCV.F1F2": [
            0.0845832845561958,
            0.0938517066038539,
            0.11642447453478341,
            0.07913022107798576
        ],
        "HCV.F2F3": [
            0.08016427507753256,
            0.06247496723094364,
            0.06341360088614734,
            0.09201060552183818
        ],
        "HCV.F3F4": [
            0.09466368105280698,
            0.07966214736379319,
            0.10643113805537519,
            0.09108662447408371
        ],
        "HCV.F4.PAt20Years.AlcoholGT50g": [
            0.0711090226063661,
            0.07606774984627139,
            0.034145552051099655,
            0.07889904922183386
        ],
        "HCV.F4.PAt20Years.AlcoholLT50g": [
            0.34014181763032314,
            0.2682149064318341,
            0.2813498402967809,
            0.2195263325962032
        ],
        "HCV.F4DeathP": [
            0.03727456028549195,
            0.030993256206065998,
            0.025069318656049413,
            0.03436945414142691
        ],
        "HCV.F4HCCP": [
            0.03047890485275512,
            0.02583666328069124,
            0.03206949249895415,
            0.01812115712822015
        ],
        "HCV.F4LF": [
            0.01791156759317947,
            0.020377093163278282,
            0.021091714854844724,
            0.018804622292488807
        ],
        "HCV.FibrosisReversalRate": [
            0.5728881705676959,
            0.5903798760171396,
            0.5544309690497626,
            0.5734696920621825
        ],
        "HCV.GenotypePrevalence.1": [
            0.53075360869564,
            0.5666131478278036,
            0.5029176216639073,
            0.5371137586195645
        ],
        "HCV.GenotypePrevalence.2": [
            0.08439448273848037,
            0.06629986823443164,
            0.07812779870005264,
            0.09087634681314075
        ],
        "HCV.GenotypePrevalence.3": [
            0.2520476360015193,
            0.3331133399654043,
            0.35831560001147283,
            0.33992298257921555
        ],
        "HCV.GenotypePrevalence.4": [
            0.025009502169491986,
            0.025473159560334885,
            0.02830255852379904,
            0.023079303970444505
        ],
        "HCV.GenotypePrevalence.5": [
            0,
            0,
            0,
            0
        ],
        "HCV.GenotypePrevalence.6": [
            0,
            0,
            0,
            0
        ],
        "HCV.InitialPrevalence": [
            0.5653766699079795,
            0.6107650703560096,
            0.621392907081391,
            0.44001869584970876
        ],
        "HCV.PReinfectionProtected": [
            0.19855720944831579,
            0.7290143074572228,
            0.2801497433928306,
            0.6518633450007137
        ],
        "HCV.PTransmission.IDU": [
            0.32345149642787874,
            0.11933937110006809,
            0.8729892184492201,
            0.9499817686155438
        ],
        "HCV.PTransmission.MotherToChild": [
            0.057474488437016115,
            0.06451044226234505,
            0.06094099131961638,
            0.05388445162973543
        ],
        "HCV.SpontaneousClearance.CCGenotypeHR": [
            2.44218336073134,
            1.7712871541634485,
            1.535143519314572,
            2.326946024517652
        ],
        "HCV.SpontaneousClearance.FemaleHR": [
            2.119400065235493,
            2.107096588099212,
            2.3748116917029036,
            2.279595006439965
        ],
        "HCV.SpontaneousClearance.Genotype1": [
            1.4435692559291793,
            1.1399848820874203,
            1.7513218646249262,
            1.6094204735869104
        ],
        "HCV.SpontaneousClearance.MedianTime": [
            0.40688971118629513,
            0.4249123755426191,
            0.46636075536485017,
            0.5181223586642874
        ],
        "HCV.SpontaneousClearance.p": [
            0.33763820816079365,
            0.3782326629368338,
            0.38450041563583937,
            0.3610754648349713
        ],
        "HCV.SyptomaticTesting": [
            0.5755279816221446,
            0.9093291824683547,
            0.2859243943821639,
            0.11796377785503864
        ],
        "Haemophilia.HCV.Prevalence1973": [
            0.43616135986123755,
            0.441688365399238,
            0.44402900995820144,
            0.4414035646028084
        ],
        "Haemophilia.HCV.Prevalence1980": [
            0.7631368039549855,
            0.7231084187077593,
            0.7319744715340861,
            0.7084305042646359
        ],
        "Haemophilia.HCV.Prevalence1990": [
            0.7463327659679941,
            0.739385814473073,
            0.7626340006485229,
            0.7402621224761098
        ],
        "Haemophilia.MortalityFactor": [
            2.786183388000295,
            2.8537202477018178,
            2.44559757644483,
            2.507390682220262
        ],
        "Haemophilia.Total2013": [
            2997.034705742065,
            2715.9098584414664,
            2597.1476605112093,
            2911.6820243919424
        ],
        "IDU.AIHWDataFactor": [
            1.5382640231400728,
            1.1591852025594562,
            1.9853582517243922,
            1.680019516730681
        ],
        "IDU.AIHWDataUncertaintySD": [
            1700,
            1700,
            1700,
            1700
        ],
        "IDU.BecomeRegularInjector.P": [
            0.9158484430518001,
            0.06907958164811134,
            0.7441967853810638,
            0.4814383676275611
        ],