{
    "Name": "./Data/OptimisationResults.json",
    "Date": "2015-10-26T17:36:41.011Z",
    "Seeds": [],
    "OptimisedParameters": {
        "HCV.PTransmission.IDU": [
            0.6428966448184283
        ],
        "IDU.BecomeRegularInjector.P": [
            0.5359666808391447
        ],
        "IDU.Entry.B": [
            0.9957779587398867
        ],
        "IDU.Entry.Logk1": [
            0.9748618873688835
        ],
        "IDU.Entry.Logk2": [
            0.4650300082906096
        ],
        "IDU.Entry.PeakEntryPerYear": [
            32420.910383192648
        ],
        "IDU.Entry.YearPeakIDU": [
            1996.885099350354
        ],
        "IDU.NSP.P": [
            0.39556134619086636
        ],
        "IDU.RateOfCeasingIrregularUse": [
            0.9172752129941558
        ],
        "IDU.RateOfCessation": [
            0.05988423782655444
        ]
    },
    "Parameters": {
        "HCV.F0F1": [
            0.046039139125116715
        ],
        "HCV.F1F2": [
            0.09551930030204402
        ],
        "HCV.F2F3": [
            0.12238070180170997
        ],
        "HCV.F3F4": [
            0.047057750504258464
        ],
        "HCV.F4.PAt20Years.AlcoholGT50g": [
            0.055285043877757234
        ],
        "HCV.F4.PAt20Years.AlcoholLT50g": [
            0.3005360106185653
        ],
        "HCV.F4DeathP": [
            0.03332665337007135
        ],
        "HCV.F4HCCP": [
            0.030306988618124236
        ],
        "HCV.F4LF": [
            0.022623765887123722
        ],
        "HCV.FibrosisReversalRate": [
            0.5724697554916448
        ],
        "HCV.GenotypePrevalence.1": [
            0.5410036616898656
        ],
        "HCV.GenotypePrevalence.2": [
            0.07094498261826068
        ],
        "HCV.GenotypePrevalence.3": [
            0.33061475478936786
        ],
        "HCV.GenotypePrevalence.4": [
            0.021708896136101552
        ],
        "HCV.GenotypePrevalence.5": [
            0
        ],
        "HCV.GenotypePrevalence.6": [
            0
        ],
        "HCV.InitialPrevalence": [
            0.5823633723106945
        ],
        "HCV.PReinfectionProtected": [
            0.5161769137649046
        ],
        "HCV.PTransmission.IDU": [
            0.6428966448184283
        ],
        "HCV.PTransmission.MotherToChild": [
            0.0647605110704142
        ],
        "HCV.SpontaneousClearance.CCGenotypeHR": [
            2.2321466617611256
        ],
        "HCV.SpontaneousClearance.FemaleHR": [
            2.0049979703748986
        ],
        "HCV.SpontaneousClearance.Genotype1": [
            1.6576585877037728
        ],
        "HCV.SpontaneousClearance.MedianTime": [
            0.4234378455787446
        ],
        "HCV.SpontaneousClearance.p": [
            0.35626214540336765
        ],
        "Haemophilia.HCV.Prevalence1973": [
            0.4535820858295415
        ],
        "Haemophilia.HCV.Prevalence1980": [
            0.7451210239502306
        ],
        "Haemophilia.HCV.Prevalence1990": [
            0.7533809541621058
        ],
        "Haemophilia.MortalityFactor": [
            2.683650683362779
        ],
        "Haemophilia.Total2013": [
            2889.2021515701426
        ],
        "IDU.AIHWDataFactor": [
            1.8498578630387783
        ],
        "IDU.AIHWDataUncertaintySD": [
            1700
        ],
        "IDU.BecomeRegularInjector.P": [
            0.5359666808391447
        ],
        "IDU.BecomeRegularInjector.PTime.LT10Years": [
            0.03438959154928694
        ],
        "IDU.BecomeRegularInjector.PTime.LT1Week": [
            0.44665656212747745
        ],
        "IDU.BecomeRegularInjector.PTime.LT1Year": [
            0.10596512784306159
        ],
        "IDU.BecomeRegularInjector.PTime.LT5Years": [
            0.09263707576931673
        ],
        "IDU.BecomeRegularInjector.PTime.LT6Months": [
            0.3773360816533801
        ],
        "IDU.Entry.B": [
            0.9957779587398867
        ],
        "IDU.Entry.Logk1": [
            0.9748618873688835
        ],
        "IDU.Entry.Logk2": [
            0.4650300082906096
        ],
        "IDU.Entry.PeakEntryPerYear": [
            32420.910383192648
        ],
        "IDU.Entry.YearPeakIDU": [
            1996.885099350354
        ],
        "IDU.ExcessMortality.Female": [
            0.004301658762641318
        ],
        "IDU.ExcessMortality.Male": [
            0.01576694556651803
        ],
        "IDU.InjectionStartAge.Median": [
            21.15941661527344
        ],
        "IDU.InjectionStartAge.SD": [
            0.1634589814669442
        ],
        "IDU.InjectionStartAge.SexDifference": [
            2.2091697265644257
        ],
        "IDU.MSMUse.HIVNeg": [
            0.02344078791953249
        ],
        "IDU.MSMUse.HIVPos": [
            0.18448910838367788
        ],
        "IDU.NSP.P": [
            0.39556134619086636
        ],
        "IDU.ProportionMale": [
            0.6519194372441249
        ],
        "IDU.RateOfCeasingIrregularUse": [
            0.9172752129941558
        ],
        "IDU.RateOfCessation": [
            0.05988423782655444
        ],
        "IDU.RelationshipDuration.Val0": [
            0.33167818016355205
        ],
        "IDU.RelationshipDuration.Val1": [
            0.23510841346723077
        ],
        "IDU.RelationshipDuration.Val2": [
            0.3864225169526831
        ],
        "IDU.Sex.AnyLastMonth": [
            0.694140703895212
        ],
        "IDU.Sex.FirstInjectionHadSexualPartner": [
            0
        ],
        "IDU.Sex.OtherLastMonth": [
            0.21183243828456227
        ],
        "IDU.Sex.RegularAndOtherLastMonth": [
            0.10971625672135502
        ],
        "IDU.Sex.RegularLastMonth": [
            0.7403241173565318
        ],
        "IDU.Sex.RegularPartnerInjects": [
            0.39722850947801946
        ],
        "IDU.Sexuality.Bisexual": [
            0.1047068423296566
        ],
        "IDU.Sexuality.Heterosexual": [
            0.8457838309294403
        ],
        "IDU.Sexuality.Homosexual": [
            0.05323210899276682
        ],
        "IDU.Sharing.PriorToNSP": [
            0.5847780969317664
        ],
        "IDU.Sharing.Rate18": [
            0
        ],
        "IDU.Sharing.RatePost1997": [
            0.16649032094546834
        ],
        "IDU.Sharing.RatePre1997": [
            0.27850892443853176
        ],
        "IDU.Sharing.RelativeRiskAge18to40": [
            0.5982902941832072
        ],
        "IDU.Use.Daily": [
            0.15636150703331858
        ],
        "IDU.Use.Daily2or3Times": [
            0.11846503875228251
        ],
        "IDU.Use.DailyMore3": [
            -0.020565242538058706
        ],
        "IDU.Use.MoreThanWeekly": [
            0.3512744604694586
        ],
        "IDU.Use.WeeklyToMonthly": [
            0.23113680481778745
        ],
        "Prison.Females": [
            0.4
        ],
        "Prison.Males": [
            0.63
        ],
        "Sexuality.GeneralPopulation.Female.Bisexual": [
            0.022
        ],
        "Sexuality.GeneralPopulation.Female.Heterosexual": [
            0.963
        ],
        "Sexuality.GeneralPopulation.Female.Homosexual": [
            0.012
        ],
        "Sexuality.GeneralPopulation.Male.Bisexual": [
            0.013
        ],
        "Sexuality.GeneralPopulation.Male.Heterosexual": [
            0.967
        ],
        "Sexuality.GeneralPopulation.Male.Homosexual": [
            0.019
        ],
        "Time.DurationToAverageOver": [
            5
        ],
        "Time.EndSimulation": [
            2020
        ],
        "Time.EndTreatmentData": [
            2013
        ],
        "Time.StartDynamicModel": [
            1980
        ],
        "Time.StartNonDynamicModel": [
            1960
        ],
        "TimeStep": [
            0.1
        ]
    }
}