{
    "Name": "./Data/OptimisationResults.json",
    "Date": "2015-11-03T07:10:40.801Z",
    "Seeds": [],
    "OptimisedParameters": {
        "HCV.PTransmission.IDU": [
            0.6536740076262504,
            0.6490960165392607,
            0.9688004597555846,
            0.13087257137522101
        ],
        "HCV.SyptomaticTesting": [
            0.04391330690123141,
            0.33812206774018705,
            0.4344859996344894,
            0.15606331685557961
        ],
        "IDU.BecomeRegularInjector.P": [
            0.40923013095743954,
            0.8733602825086564,
            0.027122533647343516,
            0.6759630325250328
        ],
        "IDU.Entry.B": [
            0.9556450734380633,
            0.5644060072954744,
            0.7541813848074526,
            0.18383234040811658
        ],
        "IDU.Entry.Logk1": [
            0.4305948961991817,
            0.04861719231121242,
            0.038787104887887836,
            0.36573047703132033
        ],
        "IDU.Entry.Logk2": [
            0.5233841894660145,
            0.30826527043245733,
            0.8931183533277363,
            0.4523829692043364
        ],
        "IDU.Entry.PeakEntryPerYear": [
            4005.10944891721,
            39178.75986080617,
            29591.033863835037,
            28686.96223013103
        ],
        "IDU.Entry.YearPeakIDU": [
            1995.7096325322054,
            2000.8785987705924,
            2000.4881029338576,
            2000.6175469262525
        ],
        "IDU.NSP.P": [
            0.9979308333713561,
            0.18625963921658695,
            0.5633256852161139,
            0.9253061427734792
        ],
        "IDU.RateOfCeasingIrregularUse": [
            0.11297608376480639,
            0.23610753356479108,
            0.035646056523546576,
            0.4203632832504809
        ],
        "IDU.RateOfCessation": [
            0.5201936617959291,
            0.9088418621104211,
            0.20553700509481132,
            0.9415872949175537
        ]
    },
    "Parameters": {
        "HCV.F0F1": [
            0.0737102645240652,
            0.07036738318355729,
            0.05813185732339851,
            0.07283188204303093
        ],
        "HCV.F1F2": [
            0.09081351914998774,
            0.09829267364924167,
            0.06308879060707372,
            0.09757977288410456
        ],
        "HCV.F2F3": [
            0.08694168757212097,
            0.1154145273221771,
            0.11883829395163152,
            0.08232985068440213
        ],
        "HCV.F3F4": [
            0.06597733928534828,
            0.07689747208038562,
            0.05757470542764292,
            0.1255901508042998
        ],
        "HCV.F4.PAt20Years.AlcoholGT50g": [
            0.06014272192350773,
            0.08856888786270509,
            0.05269182419592197,
            0.056069377219177444
        ],
        "HCV.F4.PAt20Years.AlcoholLT50g": [
            0.28587096426494274,
            0.4682797533967079,
            0.28970231403363733,
            0.2533020172407613
        ],
        "HCV.F4DeathP": [
            0.03391099574318565,
            0.0329585315019401,
            0.03300020080953392,
            0.029919580697259158
        ],
        "HCV.F4HCCP": [
            0.024122340536251216,
            0.03098384631102283,
            0.042024481636647064,
            0.025395321490766915
        ],
        "HCV.F4LF": [
            0.018391745086943856,
            0.01985035023502424,
            0.015283381979160206,
            0.01995452124020543
        ],
        "HCV.FibrosisReversalRate": [
            0.6090925300828639,
            0.6203784847971435,
            0.6050682104695919,
            0.5767861094399382
        ],
        "HCV.GenotypePrevalence.1": [
            0.5859822750432849,
            0.6079746438062046,
            0.5883268246749014,
            0.5604526583448568
        ],
        "HCV.GenotypePrevalence.2": [
            0.09471078110495931,
            0.08059997910709212,
            0.07171600714653083,
            0.08665190167711895
        ],
        "HCV.GenotypePrevalence.3": [
            0.3436672085490306,
            0.35890668110555013,
            0.30984893302223776,
            0.30366477097882555
        ],
        "HCV.GenotypePrevalence.4": [
            0.03080093760569252,
            0.024250585627573713,
            0.0313107695014085,
            0.027503291593386915
        ],
        "HCV.GenotypePrevalence.5": [
            0,
            0,
            0,
            0
        ],
        "HCV.GenotypePrevalence.6": [
            0,
            0,
            0,
            0
        ],
        "HCV.InitialPrevalence": [
            0.7041675390501039,
            0.62166791854157,
            0.605921526274811,
            0.5987883981988129
        ],
        "HCV.PReinfectionProtected": [
            0.967582463037951,
            0.4789842004783832,
            0.21341554832460563,
            0.5497543559653816
        ],
        "HCV.PTransmission.IDU": [
            0.6536740076262504,
            0.6490960165392607,
            0.9688004597555846,
            0.13087257137522101
        ],
        "HCV.PTransmission.MotherToChild": [
            0.06655768463093169,
            0.06680228896432308,
            0.060936794301147026,
            0.07571185769465255
        ],
        "HCV.SpontaneousClearance.CCGenotypeHR": [
            1.57472754993972,
            2.0400147764038037,
            1.5940099200257098,
            1.4350429116551693
        ],
        "HCV.SpontaneousClearance.FemaleHR": [
            2.1063463800972735,
            1.7727810609527292,
            1.6425078396425377,
            2.3384231512239184
        ],
        "HCV.SpontaneousClearance.Genotype1": [
            1.9062280963584866,
            1.597188569095113,
            1.2930434173551515,
            1.2832979214734648
        ],
        "HCV.SpontaneousClearance.MedianTime": [
            0.4527201780024507,
            0.5004644346962676,
            0.4211778209408275,
            0.3775119876836326
        ],
        "HCV.SpontaneousClearance.p": [
            0.35444033732958286,
            0.34705678397968664,
            0.34612634787779,
            0.31454391855008706
        ],
        "HCV.SyptomaticTesting": [
            0.04391330690123141,
            0.33812206774018705,
            0.4344859996344894,
            0.15606331685557961
        ],
        "Haemophilia.HCV.Prevalence1973": [
            0.46849963324734006,
            0.45410983564797575,
            0.46242717003589184,
            0.4459112087371991
        ],
        "Haemophilia.HCV.Prevalence1980": [
            0.7564997054553797,
            0.7394856540370525,
            0.7446034721623325,
            0.718873284960581
        ],
        "Haemophilia.HCV.Prevalence1990": [
            0.7328231812813031,
            0.7339555735389298,
            0.758084408506943,
            0.7671153269796512
        ],
        "Haemophilia.MortalityFactor": [
            2.6159498390049163,
            2.8569204312373864,
            2.7131642066259025,
            2.818268534383727
        ],
        "Haemophilia.Total2013": [
            2685.933959626367,
            2762.841069451595,
            2645.964439734364,
            2736.5081516682253
        ],
        "IDU.AIHWDataFactor": [
            1.0056505682878196,
            1.7482472558040172,
            1.4995351545512676,
            1.989197421586141
        ],
        "IDU.AIHWDataUncertaintySD": [
            1700,
            1700,
            1700,
            1700
        ],
        "IDU.BecomeRegularInjector.P": [
            0.40923013095743954,
            0.8733602825086564,
            0.027122533647343516,
            0.6759630325250328
        ],