{
    "Name": "./Data/OptimisationResults.json",
    "Date": "2015-10-26T18:00:21.061Z",
    "Seeds": [],
    "OptimisedParameters": {
        "HCV.PTransmission.IDU": [
            0.7193747106666158
        ],
        "IDU.BecomeRegularInjector.P": [
            0.6798744702122986
        ],
        "IDU.Entry.B": [
            0.5774320594267301
        ],
        "IDU.Entry.Logk1": [
            0.9491950089941847
        ],
        "IDU.Entry.Logk2": [
            0.38928956388216746
        ],
        "IDU.Entry.PeakEntryPerYear": [
            16083.043915270933
        ],
        "IDU.Entry.YearPeakIDU": [
            1999.0739559958452
        ],
        "IDU.NSP.P": [
            0.051886426972591604
        ],
        "IDU.RateOfCeasingIrregularUse": [
            0.7636715914849128
        ],
        "IDU.RateOfCessation": [
            0.013509405532033184
        ]
    },
    "Parameters": {
        "HCV.F0F1": [
            0.06375581084384356
        ],
        "HCV.F1F2": [
            0.048670854305723994
        ],
        "HCV.F2F3": [
            0.10305321378526866
        ],
        "HCV.F3F4": [
            0.08494756665224044
        ],
        "HCV.F4.PAt20Years.AlcoholGT50g": [
            0.06901348151610558
        ],
        "HCV.F4.PAt20Years.AlcoholLT50g": [
            0.2632440376317062
        ],
        "HCV.F4DeathP": [
            0.03345916876922224
        ],
        "HCV.F4HCCP": [
            0.0340295651377156
        ],
        "HCV.F4LF": [
            0.020008123090043396
        ],
        "HCV.FibrosisReversalRate": [
            0.6165871615673099
        ],
        "HCV.GenotypePrevalence.1": [
            0.5319419860805443
        ],
        "HCV.GenotypePrevalence.2": [
            0.07980389782089406
        ],
        "HCV.GenotypePrevalence.3": [
            0.3490525291075666
        ],
        "HCV.GenotypePrevalence.4": [
            0.023622099164523833
        ],
        "HCV.GenotypePrevalence.5": [
            0
        ],
        "HCV.GenotypePrevalence.6": [
            0
        ],
        "HCV.InitialPrevalence": [
            0.5604847785633151
        ],
        "HCV.PReinfectionProtected": [
            0.7121977306424064
        ],
        "HCV.PTransmission.IDU": [
            0.7193747106666158
        ],
        "HCV.PTransmission.MotherToChild": [
            0.05039531817806309
        ],
        "HCV.SpontaneousClearance.CCGenotypeHR": [
            2.0637417756695324
        ],
        "HCV.SpontaneousClearance.FemaleHR": [
            1.8949202434570467
        ],
        "HCV.SpontaneousClearance.Genotype1": [
            1.518817078117794
        ],
        "HCV.SpontaneousClearance.MedianTime": [
            0.44819275354417365
        ],
        "HCV.SpontaneousClearance.p": [
            0.329321897445666
        ],
        "Haemophilia.HCV.Prevalence1973": [
            0.45297745475032025
        ],
        "Haemophilia.HCV.Prevalence1980": [
            0.7370518400207323
        ],
        "Haemophilia.HCV.Prevalence1990": [
            0.7375648824370539
        ],
        "Haemophilia.MortalityFactor": [
            2.4519323868961496
        ],
        "Haemophilia.Total2013": [
            2758.2707544948053
        ],
        "IDU.AIHWDataFactor": [
            1.321750988252461
        ],
        "IDU.AIHWDataUncertaintySD": [
            1700
        ],
        "IDU.BecomeRegularInjector.P": [
            0.6798744702122986
        ],
        "IDU.BecomeRegularInjector.PTime.LT10Years": [
            0.045889516642296097
        ],
        "IDU.BecomeRegularInjector.PTime.LT1Week": [
            0.45401302715619185
        ],
        "IDU.BecomeRegularInjector.PTime.LT1Year": [
            0.04869109625107701
        ],
        "IDU.BecomeRegularInjector.PTime.LT5Years": [
            0.10410187790732467
        ],
        "IDU.BecomeRegularInjector.PTime.LT6Months": [
            0.3492193228918566
        ],
        "IDU.Entry.B": [
            0.5774320594267301
        ],
        "IDU.Entry.Logk1": [
            0.9491950089941847
        ],
        "IDU.Entry.Logk2": [
            0.38928956388216746
        ],
        "IDU.Entry.PeakEntryPerYear": [
            16083.043915270933
        ],
        "IDU.Entry.YearPeakIDU": [
            1999.0739559958452
        ],
        "IDU.ExcessMortality.Female": [
            0.005292275478133283
        ],
        "IDU.ExcessMortality.Male": [
            0.014283445959337724
        ],
        "IDU.InjectionStartAge.Median": [
            20.78768209432413
        ],
        "IDU.InjectionStartAge.SD": [
            0.16042262590201345
        ],
        "IDU.InjectionStartAge.SexDifference": [
            1.6328563502349616
        ],
        "IDU.MSMUse.HIVNeg": [
            0.03151551319978391
        ],
        "IDU.MSMUse.HIVPos": [
            0.19426392732497322
        ],
        "IDU.NSP.P": [
            0.051886426972591604
        ],
        "IDU.ProportionMale": [
            0.63853373991642
        ],
        "IDU.RateOfCeasingIrregularUse": [
            0.7636715914849128
        ],
        "IDU.RateOfCessation": [
            0.013509405532033184
        ],
        "IDU.RelationshipDuration.Val0": [
            0.3167729018892995
        ],
        "IDU.RelationshipDuration.Val1": [
            0.26211986707537305
        ],
        "IDU.RelationshipDuration.Val2": [
            0.34659179585510574
        ],
        "IDU.Sex.AnyLastMonth": [
            0.6346968527561988
        ],
        "IDU.Sex.FirstInjectionHadSexualPartner": [
            0
        ],
        "IDU.Sex.OtherLastMonth": [
            0.23693409974926558
        ],
        "IDU.Sex.RegularAndOtherLastMonth": [
            0.044054186969782666
        ],
        "IDU.Sex.RegularLastMonth": [
            0.7592592124539103
        ],
        "IDU.Sex.RegularPartnerInjects": [
            0.5170834360038778
        ],
        "IDU.Sexuality.Bisexual": [
            0.09756336234312653
        ],
        "IDU.Sexuality.Heterosexual": [
            0.8379979853084746
        ],
        "IDU.Sexuality.Homosexual": [
            0.05333737535126762
        ],
        "IDU.Sharing.PriorToNSP": [
            0.5009304809326778
        ],
        "IDU.Sharing.Rate18": [
            0
        ],
        "IDU.Sharing.RatePost1997": [
            0.1647317515978252
        ],
        "IDU.Sharing.RatePre1997": [
            0.31862981781538197
        ],
        "IDU.Sharing.RelativeRiskAge18to40": [
            0.6009462700134417
        ],
        "IDU.Use.Daily": [
            0.19625800353447784
        ],
        "IDU.Use.Daily2or3Times": [
            0.10530185554219902
        ],
        "IDU.Use.DailyMore3": [
            0.10466436558314904
        ],
        "IDU.Use.MoreThanWeekly": [
            0.3511606588488906
        ],
        "IDU.Use.WeeklyToMonthly": [
            0.21501011519983057
        ],
        "Prison.Females": [
            0.4
        ],
        "Prison.Males": [
            0.63
        ],
        "Sexuality.GeneralPopulation.Female.Bisexual": [
            0.022
        ],
        "Sexuality.GeneralPopulation.Female.Heterosexual": [
            0.963
        ],
        "Sexuality.GeneralPopulation.Female.Homosexual": [
            0.012
        ],
        "Sexuality.GeneralPopulation.Male.Bisexual": [
            0.013
        ],
        "Sexuality.GeneralPopulation.Male.Heterosexual": [
            0.967
        ],
        "Sexuality.GeneralPopulation.Male.Homosexual": [
            0.019
        ],
        "Time.DurationToAverageOver": [
            5
        ],
        "Time.EndSimulation": [
            2020
        ],
        "Time.EndTreatmentData": [
            2013
        ],
        "Time.StartDynamicModel": [
            1980
        ],
        "Time.StartNonDynamicModel": [
            1960
        ],
        "TimeStep": [
            0.1
        ]
    }
}